#,ごい,Vocabulary,Type,Meaning
1,浴びる,abiru,"Verb, Ichidan verb, Transitive verb","to bathe, to shower"
,,あびる,,
2,危ない,abunai,"Adjective, い-adjective",dangerous
,,あぶない,,
3,あっち,acchi,Pronoun,over there
4,あちら,achira,Pronoun,there
5,上げる,ageru,"Verb, Ichidan verb, Transitive verb",to raise; to elevate; to give
,,あげる,,
6,赤,aka,Noun,red; crimson; scarlet​
,,あか,,
7,赤い,akai,"Adjective, い-adjective",red; crimson; scarlet​
,,あかい,,
8,明るい,akarui,"Adjective, い-adjective",bright; light
,,あかるい,,
9,開ける,akeru,"Verb, Ichidan verb, Transitive verb","to open (a door, etc.); to unwrap (e.g. parcel, package); to unlock"
,,あける,,
10,秋,aki,Noun,autumn; fall
,,あき,,
11,開く,aku,"Verb, Godan verb, Intransitive verb","to open (e.g. doors, business, etc)"
,,あく,,
12,甘い,amai,"Adjective, い-adjective",sweet; sweet-tasting; sugary; naive; indulgent
,,あまい,,
13,雨,ame,Noun,rain
,,あめ,,
14,飴,ame,Noun,candy
,,あめ,,
15,あなた,anata,Pronoun,you
16,姉,ane,Noun,older sister; elder sister​
,,あね,,
17,兄,ani,Noun,elder brother; older brother​
,,あに,,
18,あの,ano,Pre-noun adjectival,that
19,青,ao,Noun,blue; azure
,,あお,,
20,青い,aoi,"Adjective, い-adjective",blue; azure
,,あおい,,
21,アパート,apaato,"Noun, Katakana",apartment
22,洗う,arau,"Verb, Godan verb, Transitive verb",to wash
,,あらう,,
23,あれ,are,Pronoun,that
24,ある,aru,"Verb, Godan verb, Intransitive verb","to be, to have"
25,歩く,aruku,"Verb, Godan verb, Intransitive verb",to walk
,,あるく,,
26,朝,asa,Noun,morning
,,あさ,,
27,朝ご飯,asagohan,Noun,breakfast
,,あさごはん,,
28,明後日,asatte,Noun,day after tomorrow
,,あさって,,
29,足,ashi,Noun,foot; leg; paw; arm
,,あし,,
30,明日,ashita,"Noun, Temporal noun",tomorrow
,,あした,,
31,遊ぶ,asobu,"Verb, Godan verb, Intransitive verb",to play; to enjoy oneself
,,あそぶ,,
32,あそこ,asoko,Pronoun,over there
33,頭,atama,Noun,head
,,あたま,,
34,新しい,atarashii,"Adjective, い-adjective",new; novel; fresh; recent; latest
,,あたらしい,,
35,暖かい,atatakai,"Adjective, い-adjective",warm
,,あたたかい,,
36,後,ato,Noun,behind; after; remainder; left; also
,,あと,,
37,暑い,atsui,"Adjective, い-adjective",hot; sultry
,,あつい,,
38,厚い,atsui,"Adjective, い-adjective",thick
,,あつい,,
39,熱い,atsui,"Adjective, い-adjective",hot
,,あつい,,
40,会う,au,"Verb, Godan verb, Intransitive verb",to meet; to encounter; to see
,,あう,,
41,晩ご飯,bangohan,Noun,dinner; evening meal
,,ばんごはん,,
42,番号,bangou,Noun,number
,,ばんごう,,
43,バス,basu,"Noun, Katakana",bus
44,バター,bataa,"Noun, Katakana",butter​
45,ベッド,beddo,"Noun, Katakana",bed
46,勉強,benkyou,"Noun, Suru verb",to study
,,べんきょう,,
47,便利,benri,な-adjective,convenient; handy; useful
,,べんり,,
48,ボールペン,boorupen,"Noun, Katakana",ball-point pen
49,ボタン,botan,"Noun, Katakana",button
50,帽子,boushi,Noun,hat; cap
,,ぼうし,,
51,文章,bunshou,Noun,sentence
,,ぶんしょう,,
52,豚肉,butaniku,Noun,pork
,,ぶたにく,,
53,病院,byouin,Noun,hospital
,,びょういん,,
54,病気,byouki,Noun,illness; disease; sickness
,,びょうき,,
55,茶色,chairo,Noun,brown
,,ちゃいろ,,
56,茶碗,chawan,Noun,rice bowl; tea cup; teacup
,,ちゃわん,,
57,父,chichi,Noun,father
,,ちち,,
58,違う,chigau,"Verb, Godan verb, Intransitive verb",to differ
,,ちがう,,
59,小さい,chiisai,"Adjective, い-adjective",small; little; tiny
,,ちいさい,,
60,小さな,chiisana,Pre-noun adjectival,small; little; tiny​
,,ちいさな,,
61,近い,chikai,い-adjective,near; close
,,ちかい,,
62,地下鉄,chikatetsu,Noun,subway; underground train
,,ちかてつ,,
63,地図,chizu,Noun,map
,,ちず,,
64,ちょっと,chotto,Adverb,a little
65,丁度,choudo,Adverb,exactly
,,ちょうど,,
66,台所,daidokoro,Noun,kitchen
,,だいどころ,,
67,大学,daigaku,Noun,university; college
,,だいがく,,
68,大丈夫,daijoubu,"Adjective, な-adjective, Adverb",OK; okay; alright; problem free
,,だいじょうぶ,,
69,大好き,daisuki,"Adjective, な-adjective",love; like; like very much
,,だいすき,,
70,だんだん,dandan,Adverb,gradually
71,誰,dare,Pronoun,who
,,だれ,,
72,誰か,dareka,Pronoun,someone; somebody
,,だれか,,
73,出す,dasu,"Verb, Godan verb, Transitive verb",to take out; to get out; to put out; to reveal
,,だす,,
74,出口,deguchi,Noun,exit; gateway; way out
,,でぐち,,
75,出かける,dekakeru,"Verb, Ichidan verb, Intransitive verb",to go out; to leave; to depart
,,でかける,,
76,電気,denki,Noun,electricity
,,でんき,,
77,電車,densha,Noun,train; electric train
,,でんしゃ,,
78,電話,denwa,"Noun, Verb, Suru verb",telephone (call / device)l; phone call
,,でんわ,,
79,デパート,depaato,"Noun, Katakana",department store
80,出る,deru,"Verb, Ichidan verb, Intransitive verb",to leave; to exit; to appear; to go out
,,でる,,
81,ドア,doa,"Noun, Katakana",door
82,どっち,docchi,Pronoun,which; which one
83,どちら,dochira,Pronoun,which of two
84,どこ,doko,Pronoun,where; what place​
85,どなた,donata,Noun,who
86,どの,dono,Pre-noun adjectival,which
87,どれ,dore,Pronoun,which (of three or more)​
88,どう,dou,Adverb,how; in what way; how about​
89,動物,doubutsu,Noun,animal
,,どうぶつ,,
90,どうも,doumo,Adverb,thank you; thanks
91,どうぞ,douzo,Adverb,please
92,土曜日,doyoubi,Noun,Saturday
,,どようび,,
93,絵,e,Noun,picture
,,え,,
94,ええ,ee,Noun,yes; that is correct; right
95,映画,eiga,Noun,movie; film
,,えいが,,
96,映画館,eigakan,Noun,movie theater; cinema
,,えいがかん,,
97,英語,eigo,Noun,English language
,,えいご,,
98,駅,eki,Noun,station
,,えき,,
99,鉛筆,enpitsu,Noun,pencil
,,えんぴつ,,
100,エレベーター,erebeetaa,"Noun, Katakana",elevator
101,フィルム,firumu,"Noun, Katakana",film
102,フォーク,fooku,"Noun, Katakana",fork
103,服,fuku,Noun,clothes
,,ふく,,
104,吹く,fuku,"Verb, Godan verb, Intransitive verb",to blow (of the wind)
,,ふく,,
105,降る,furu,"Verb, Godan verb, Intransitive verb",to fall
,,ふる,,
106,古い,furui,い-adjective,old (not used for people)
,,ふるい,,
107,二人,futari,Noun,two people; pair; couple
,,ふたり,,
108,二つ,futatsu,"Noun, Numeric",two; 2
,,ふたつ,,
109,太い,futoi,"Adjective, い-adjective",fat; thick
,,ふとい,,
110,二日,futsuka,Noun,the second day of the month / 2 days
,,ふつか,,
111,封筒,fuutou,Noun,envelope
,,ふうとう,,
112,冬,fuyu,Noun,winter
,,ふゆ,,
113,外国,gaikoku,Noun,foreign country
,,がいこく,,
114,外国人,gaikokujin,Noun,foreigner; foreign citizen; foreign national; alien; non-Japanese
,,がいこくじん,,
115,学校,gakkou,Noun,school
,,がっこう,,
116,学生,gakusei,Noun,student
,,がくせい,,
117,玄関,genkan,Noun,entrance
,,げんかん,,
118,元気,genki,"Noun, Adjective, な-adjective",lively; full of spirit; energetic; healthy
,,げんき,,
119,月曜日,getsuyoubi,Noun,Monday
,,げつようび,,
120,銀行,ginkou,Noun,bank
,,ぎんこう,,
121,ギター,gitaa,"Noun, Katakana",guitar
122,五,go,"Noun, Numeric",five; 5
,,ご,,
123,午後,gogo,Noun,afternoon; p.m.
,,ごご,,
124,ご飯,gohan,Noun,"cooked rice, meal"
,,ごはん,,
125,午前,gozen,Noun,morning; a.m.
,,ごぜん,,
126,グラム,guramu,"Noun, Katakana",gram
127,牛肉,gyuuniku,Noun,beef
,,ぎゅうにく,,
128,牛乳,gyuunyuu,Noun,(cow's) milk
,,ぎゅうにゅう,,
129,歯,ha,Noun,tooth
,,は,,
130,八,hachi,"Noun, Numeric",eight: 8
,,はち,,
131,葉書,hagaki,Noun,postcard
,,はがき,,
132,母,haha,Noun,mother
,,はは,,
133,はい,hai,Noun,yes; that is correct​
134,入る,hairu,"Verb, Godan verb, Intransitive verb",to enter; to go into
,,はいる,,
135,灰皿,haizara,Noun,ashtray
,,はいざら,,
136,始まる,hajimaru,"Verb, Godan verb, Intransitive verb",to begin
,,はじまる,,
137,初めて,hajimete,Adverb,for the first time
,,はじめて,,
138,箱,hako,Noun,box; crate
,,はこ,,
139,履く,haku,"Verb, Godan verb, Transitive verb","to wear, to put on trousers"
,,はく,,
140,半,han,Noun,half; semi-; half-past
,,はん,,
141,花,hana,Noun,flower
,,はな,,
142,鼻,hana,Noun,nose
,,はな,,
143,話,hanashi,Noun,talk; speech; chat; conversation​
,,はなし,,
144,話す,hanasu,"Verb, Godan verb, Transitive verb",to speak; to talk; to converse
,,はなす,,
145,半分,hanbun,Noun,half
,,はんぶん,,
146,ハンカチ,hankachi,"Noun, Katakana",handkerchief​
147,晴れ,hare,Noun,clear weather
,,はれ,,
148,晴れる,hareru,"Verb, Ichidan verb, Intransitive verb",to be sunny
,,はれる,,
149,春,haru,Noun,spring; springtime
,,はる,,
150,貼る,haru,"Verb, Godan verb, Transitive verb",to stick; to paste
,,はる,,
151,箸,hashi,Noun,chopsticks
,,はし,,
152,橋,hashi,Noun,bridge
,,はし,,
153,走る,hashiru,"Verb, Godan verb, Intransitive verb",to run
,,はしる,,
154,二十歳,hatachi,Noun,20 years old; twenty years old
,,はたち,,
155,働く,hataraku,"Verb, Godan verb, Intransitive verb",to work
,,はたらく,,
156,二十日,hatsuka,Noun,twentieth day of the month / 20 days
,,はつか,,
157,速い,hayai,"Adjective, い-adjective",fast; quick; hasty; brisk
,,はやい,,
158,早い,hayai,"Adjective, い-adjective",fast; early
,,はやい,,
159,辺,hen,Noun,area
,,へん,,
160,下手,heta,"Noun, Adjective, な-adjective",unskillful; poor; awkward​
,,へた,,
161,部屋,heya,Noun,room
,,へや,,
162,左,hidari,Noun,left; left hand side
,,ひだり,,
163,東,higashi,Noun,east
,,ひがし,,
164,飛行機,hikouki,Noun,airplane; aircraft
,,ひこうき,,
165,引く,hiku,"Verb, Godan verb, Transitive verb",to pull
,,ひく,,
166,弾く,hiku,"Verb, Godan verb, Transitive verb",to play
,,ひく,,
167,低い,hikui,い-adjective,"short,low"
,,ひくい,,
168,暇,hima,"Noun, な-adjective",free time
,,ひま,,
169,広い,hiroi,い-adjective,spacious; vast; wide
,,ひろい,,
170,昼,hiru,Noun,noon; midday; daytime; lunch
,,ひる,,
171,昼ご飯,hirugohan,Noun,lunch
,,ひるごはん,,
172,人,hito,Noun,person; human
,,ひと,,
173,一人,hitori,"Noun, Adverb",one person​; alone; single
,,ひとり,,
174,一つ,hitotsu,"Noun, Numeric",one thing; only
,,ひとつ,,
175,ほか,hoka,Noun,"other (place, thing, person); the rest"
176,本,hon,Noun,book; volume; script
,,ほん,,
177,本棚,hondana,Noun,bookshelf; bookcase
,,ほんだな,,
178,本当,hontou,"Noun, Adjective, な-adjective",truth; reality; actuality; fact
,,ほんとう,,
179,欲しい,hoshii,"Adjective, い-adjective",want
,,ほしい,,
180,細い,hosoi,"Adjective, い-adjective",thin; slender
,,ほそい,,
181,ホテル,hoteru,"Noun, Katakana",hotel
182,百,hyaku,"Noun, Numeric",100; hundred
,,ひゃく,,
183,一,ichi,"Noun, Prefix, Suffix, Numeric",one; best; first; foremost; start
,,いち,,
184,一番,ichiban,"Noun, Adverb","number one; first; 1st, first place​; best; most​"
,,いちばん,,
185,一日,ichinichi,"Noun, Adverbial Noun","one day, all day"
,,いちにち,,
186,家,ie,Noun,"house, residence, family"
,,いえ,,
187,いかが,ikaga,Adverb,how; in what way; how about​
188,池,ike,Noun,pond
,,いけ,,
189,行く,iku,"Verb, Godan verb, Intransitive verb",to go; to move
,,いく,,
190,いくら,ikura,"Noun, Adverb",how much?; how many?​
191,いくつ,ikutsu,Adverb,"how many?,how old?"
192,今,ima,"Noun, Adverbial Noun",now; the present time; soon
,,いま,,
193,意味,imi,Noun,meaning; significance; sense
,,いみ,,
194,妹,imouto,Noun,younger sister
,,いもうと,,
195,犬,inu,Noun,dog
,,いぬ,,
196,入れる,ireru,"Verb, Ichidan verb, Transitive verb",to put in; to let in; to take in; to bring in; to insert; to install
,,いれる,,
197,入口,iriguchi,Noun,entrance; entry; gate
,,いりぐち,,
198,色,iro,Noun,colour; color
,,いろ,,
199,色々,iroiro,"Noun, Adjective, な-adjective, Adverb",various
,,いろいろ,,
200,要る,iru,"Verb, Godan verb, Intransitive verb",to be needed
,,いる,,
201,居る,iru,"Verb, Ichidan verb, Intransitive verb","to be, to have"
,,いる,,
202,医者,isha,Noun,(medical) doctor; physician
,,いしゃ,,
203,忙しい,isogashii,"Adjective, い-adjective",busy
,,いそがしい,,
204,一緒,issho,Noun,together; at the same time; same; identical
,,いっしょ,,
205,椅子,isu,Noun,chair
,,いす,,
206,痛い,itai,"Adjective, い-adjective",painful; sore​
,,いたい,,
207,いつ,itsu,Pronoun,when
208,五日,itsuka,Noun,the fifth day of the month / 5 days
,,いつか,,
209,五つ,itsutsu,"Noun, Numeric",five; 5
,,いつつ,,
210,言う,iu,"Verb, Godan verb",to say; to call
,,いう,,
211,嫌,iya,"Noun, Adjective, な-adjective",unpleasant
,,いや,,
212,じゃあ,jaa,Conjunction,then; well; so; well then
213,字引,jibiki,Noun,dictionary
,,じびき,,
214,自分,jibun,Pronoun,myself; yourself; oneself; himself; herself; i; me
,,じぶん,,
215,自動車,jidousha,Noun,automobile; motorcar; motor vehicle; car
,,じどうしゃ,,
216,時間,jikan,Noun,time; hour(s)
,,じかん,,
217,辞書,jisho,Noun,dictionary
,,じしょ,,
218,自転車,jitensha,Noun,bicycle
,,じてんしゃ,,
219,丈夫,joubu,"Adjective, な-adjective","strong, durable"
,,じょうぶ,,
220,上手,jouzu,"Noun, Adjective, な-adjective",skillful; skilled; proficient; good (at)
,,じょうず,,
221,授業,jugyou,"Noun, Suru verb",lesson; class work
,,じゅぎょう,,
222,十,juu,"Noun, Numeric",ten; 10
,,じゅう,,
223,かばん,kaban,Noun,bag; basket​
224,花瓶,kabin,Noun,a vase
,,かびん,,
225,角,kado,Noun,a corner; angle​
,,かど,,
226,帰る,kaeru,"Verb, Godan verb, Intransitive verb",to go back​
,,かえる,,
227,返す,kaesu,"Verb, Godan verb, Transitive verb",to return something
,,かえす,,
228,鍵,kagi,Noun,key
,,かぎ,,
229,階段,kaidan,Noun,stairs; stairway; staircase
,,かいだん,,
230,買い物,kaimono,Noun,shopping; purchased goods
,,かいもの,,
231,会社,kaisha,Noun,company; corporation
,,かいしゃ,,
232,掛かる,kakaru,"Verb, Godan verb, Intransitive verb","to take (a resource, e.g. time or money)"
,,かかる,,
233,掛ける,kakeru,"Verb, Ichidan verb, Transitive verb",to hang up; to make (a call)​;
,,かける,,
234,書く,kaku,"Verb, Godan verb, Transitive verb",to write; to compose; to pen; to draw
,,かく,,
235,カメラ,kamera,"Noun, Katakana",camera
236,紙,kami,Noun,paper
,,かみ,,
237,漢字,kanji,Noun,kanji
,,かんじ,,
238,カップ,kappu,"Noun, Katakana",cup
239,体,karada,Noun,body
,,からだ,,
240,辛い,karai,い-adjective,spicy
,,からい,,
241,カレー,karee,"Noun, Katakana",curry
242,カレンダー,karendaa,"Noun, Katakana",calendar
243,借りる,kariru,"Verb, Ichidan verb, Transitive verb",to borrow
,,かりる,,
244,軽い,karui,"Adjective, い-adjective",light
,,かるい,,
245,傘,kasa,Noun,umbrella
,,かさ,,
246,貸す,kasu,"Verb, Godan verb, Transitive verb",to lend; to loan
,,かす,,
247,方,kata,Noun,way of doing something
,,かた,,
248,家庭,katei,Noun,household
,,かてい,,
249,買う,kau,"Verb, Godan verb, Transitive verb",to buy; to purchase
,,かう,,
250,川,kawa,"Noun, Suffix",river; stream​
,,かわ,,
251,可愛い,kawaii,"Adjective, い-adjective",cute
,,かわいい,,
252,火曜日,kayoubi,Noun,Tuesday
,,かようび,,
253,風,kaze,Noun,wind
,,かぜ,,
254,風邪,kaze,Noun,a cold
,,かぜ,,
255,家族,kazoku,Noun,family; members of a family
,,かぞく,,
256,警官,keikan,Noun,policeman; police officer
,,けいかん,,
257,結婚,kekkon,"Noun, Suru verb",marriage
,,けっこん,,
258,結構,kekkou,"Noun, Adverbial Noun, Adjective, な-adjective, Adverb","splendid, enough"
,,けっこう,,
259,今朝,kesa,"Noun, Temporal noun",this morning
,,けさ,,
260,消す,kesu,"Verb, Godan verb, Transitive verb","to erase, to turn off power"
,,けす,,
261,木,ki,Noun,tree; shrub; bush; wood; timber
,,き,,
262,消える,kieru,"Verb, Ichidan verb, Intransitive verb",to disappear
,,きえる,,
263,黄色い,kiiroi,"Adjective, い-adjective",yellow
,,きいろい,,
264,聞く,kiku,"Verb, Godan verb, Transitive verb",to hear; to listen (to music); to ask; to learn of
,,きく,,
265,昨日,kinou,Noun,yesterday
,,きのう,,
266,金曜日,kinyoubi,Noun,Friday
,,きんようび,,
267,切符,kippu,Noun,ticket
,,きっぷ,,
268,嫌い,kirai,"Noun, Adjective, な-adjective",hate
,,きらい,,
269,綺麗,kirei,"Adjective, な-adjective",pretty; lovely; beautiful
,,きれい,,
270,キログラム,kiro guramu,"Noun, Katakana",kilogram
271,キロメートル,kiro meetoru,"Noun, Katakana",kilometer
272,切る,kiru,"Verb, Godan verb, Transitive verb",to cut
,,きる,,
273,着る,kiru,"Verb, Ichidan verb, Transitive verb",to wear
,,きる,,
274,喫茶店,kissaten,Noun,coffee shop; tearoom; cafe
,,きっさてん,,
275,北,kita,Noun,north
,,きた,,
276,汚い,kitanai,"Adjective, い-adjective",dirty
,,きたない,,
277,切手,kitte,Noun,stamp (postage)
,,きって,,
278,こっち,kocchi,Noun,this person or way
,,,,
279,こちら,kochira,Noun,this way; this direction​
280,子供,kodomo,Noun,child
,,こども,,
281,声,koe,Noun,voice
,,こえ,,
282,ここ,koko,Pronoun,here; this place
283,九日,kokonoka,Noun,ninth day of the month / 9 days
,,ここのか,,
284,九つ,kokonotsu,"Noun, Numeric",nine; 9
,,ここのつ,,
285,困る,komaru,"Verb, Godan verb, Intransitive verb",to be troubled
,,こまる,,
286,今晩,konban,Noun,tonight; this evening
,,こんばん,,
287,今月,kongetsu,Noun,this month
,,こんげつ,,
288,こんな,konna,Pre-noun adjectival,such; like this​
289,この,kono,Pre-noun adjectival,this​
290,今週,konshuu,Noun,this week
,,こんしゅう,,
291,コーヒー,koohii,"Noun, Katakana",Coffee
292,コート,kooto,"Noun, Katakana",coat
293,コピー,kopii,"Noun, Suru verb, Katakana",copy; photocopy
294,コップ,koppu,"Noun, Katakana",glass (drinking vessel); tumbler​
295,これ,kore,Pronoun,this
296,答える,kotaeru,"Verb, Ichidan verb, Intransitive verb",to answer
,,こたえる,,
297,言葉,kotoba,Noun,word; words
,,ことば,,
298,今年,kotoshi,Noun,this year
,,ことし,,
299,交番,kouban,Noun,police box
,,こうばん,,
300,紅茶,koucha,Noun,black tea
,,こうちゃ,,
301,公園,kouen,Noun,park
,,こうえん,,
302,交差点,kousaten,Noun,intersection
,,こうさてん,,
303,口,kuchi,Noun,"mouth, opening"
,,くち,,
304,果物,kudamono,Noun,fruit
,,くだもの,,
305,下さい,kudasai,Expression,please
,,ください,,
306,曇り,kumori,Noun,cloudiness; cloudy weather
,,くもり,,
307,曇る,kumoru,"Verb, Godan verb, Intransitive verb","to become cloudy, to become dim"
,,くもる,,
308,国,kuni,Noun,country; state; region
,,くに,,
309,暗い,kurai,"Adjective, い-adjective",dark; gloomy; murky
,,くらい,,
310,クラス,kurasu,"Noun, Katakana",class
311,黒,kuro,Noun,black
,,くろ,,
312,黒い,kuroi,い-adjective,black
,,くろい,,
313,来る,kuru,"Verb, Intransitive verb",to come
,,くる,,
314,車,kuruma,Noun,car; automobile; vehicle
,,くるま,,
315,薬,kusuri,Noun,medicine
,,くすり,,
316,靴,kutsu,Noun,shoes
,,くつ,,
317,靴下,kutsushita,Noun,socks
,,くつした,,
318,去年,kyonen,Noun,last year
,,きょねん,,
319,今日,kyou,"Noun, Temporal noun",today; this day
,,きょう,,
320,兄弟,kyoudai,Noun,siblings; brothers and sisters​; mate
,,きょうだい,,
321,教室,kyoushitsu,Noun,classroom
,,きょうしつ,,
322,九,kyuu,"Noun, Numeric",nine; 9
,,きゅう,,
323,マッチ,macchi,"Noun, Katakana",match
324,町,machi,Noun,town; block; neighborhood
,,まち,,
325,窓,mado,Noun,window
,,まど,,
326,前,mae,"Noun, Suffix",previous; before; in front; ago
,,まえ,,
327,曲がる,magaru,"Verb, Godan verb, Intransitive verb","to turn, to bend"
,,まがる,,
328,毎朝,maiasa,Noun,every morning
,,まいあさ,,
329,毎晩,maiban,Noun,every night
,,まいばん,,
330,毎日,mainichi,Noun,every day
,,まいにち,,
331,毎週,maishuu,Noun,every week
,,まいしゅう,,
332,毎年,maitoshi / mainen,Noun,every year; yearly; annually
,,まいとし / まいねん,,
333,毎月,maitsuki,Noun,every month; monthly
,,まいつき,,
334,万,man,"Noun, Numeric","10,000; ten thousand"
,,まん,,
335,万年筆,mannenhitsu,Noun,fountain pen
,,まんねんひつ,,
336,丸い,marui,"Adjective, い-adjective","round,circular"
,,まるい,,
337,真っ直ぐ,massugu,"Noun, Adjective, な-adjective, Adverb","straight ahead,direct"
,,まっすぐ,,
338,待つ,matsu,"Verb, Godan verb, Intransitive verb, Transitive verb",to wait​
,,まつ,,
339,不味い,mazui,"Adjective, い-adjective",unpleasant
,,まずい,,
340,目,me,Noun,eye
,,め,,
341,メートル,meetoru,"Noun, Katakana",metre; meter
342,眼鏡,megane,Noun,glasses
,,めがね,,
343,道,michi,Noun,road; street
,,みち,,
344,緑,midori,Noun,green
,,みどり,,
345,磨く,migaku,"Verb, Godan verb, Intransitive verb",to polish; to shine; to brush (e.g. teeth)
,,みがく,,
346,右,migi,Noun,right; right hand side
,,みぎ,,
347,短い,mijikai,"Adjective, い-adjective",short
,,みじかい,,
348,三日,mikka,Noun,the third day of the month / 3 days
,,みっか,,
349,耳,mimi,Noun,ear; hearing
,,みみ,,
350,南,minami,Noun,south
,,みなみ,,
351,皆さん,minasan,Noun,everyone
,,みなさん,,
352,みんな,minna,"Noun, Adverb",all; everyone; everybody
353,見る,miru,"Verb, Ichidan verb, Transitive verb",to see; to look; to watch; to view; to observe
,,みる,,
354,店,mise,Noun,store; shop; establishment; restaurant
,,みせ,,
355,見せる,miseru,"Verb, Ichidan verb, Transitive verb",to show; to display
,,みせる,,
356,三つ,mittsu,"Noun, Numeric",three; 3
,,みっつ,,
357,水,mizu,Noun,water; fluid; liquid​
,,みず,,
358,木曜日,mokuyoubi,Noun,Thursday
,,もくようび,,
359,門,mon,Noun,gate
,,もん,,
360,問題,mondai,Noun,problem; question (e.g. on a test)
,,もんだい,,
361,物,mono,Noun,thing
,,もの,,
362,持つ,motsu,"Verb, Godan verb",to hold
,,もつ,,
363,もっと,motto,Adverb,more; longer; further
364,もう一度,mouichido,Expression,once more; again
,,もういちど,,
365,六日,muika,Noun,sixth day of the month / 6 days
,,むいか,,
366,向こう,mukou,Noun,over there
,,むこう,,
367,村,mura,Noun,village
,,むら,,
368,六つ,muttsu,"Noun, Numeric",six; 6
,,むっつ,,
369,難しい,muzukashii,"Adjective, い-adjective",difficult
,,むずかしい,,
370,長い,nagai,"Adjective, い-adjective",long (distance)​; long (time); lengthy.
,,ながい,,
371,ナイフ,naifu,"Noun, Katakana",knife
372,中,naka,Noun,inside; in; within; center
,,なか,,
373,鳴く,naku,"Verb, Godan verb, Intransitive verb",animal noise. to chirp
,,なく,,
374,無くす,nakusu,"Verb, Godan verb, Transitive verb",to lose (something)
,,なくす,,
375,名前,namae,Noun,name; full name; given name
,,なまえ,,
376,七つ,nanatsu,"Noun, Numeric",seven; 7
,,ななつ,,
377,何,nani,"Noun, Pronoun, Prefix",what
,,なに,,
378,七日,nanoka,Noun,seventh day of the month / 7 days
,,なのか,,
379,並べる,naraberu,"Verb, Ichidan verb, Transitive verb","to line up,to set up"
,,ならべる,,
380,並ぶ,narabu,"Verb, Godan verb, Intransitive verb","to line up,to stand in a line"
,,ならぶ,,
381,習う,narau,"Verb, Godan verb, Transitive verb",to be taught; to learn (from a teacher)
,,ならう,,
382,夏,natsu,Noun,summer
,,なつ,,
383,夏休み,natsuyasumi,Noun,summer vacation; summer holiday
,,なつやすみ,,
384,何故,naze,Adverb,why; how
,,なぜ,,
385,猫,neko,Noun,cat
,,ねこ,,
386,ネクタイ,nekutai,"Noun, Katakana",tie; necktie
387,寝る,neru,"Verb, Ichidan verb, Intransitive verb",to sleep; to go to bed; to lie down
,,ねる,,
388,二,ni,"Noun, Numeric",two; 2
,,に,,
389,日曜日,nichiyoubi,Noun,Sunday
,,にちようび,,
390,賑やか,nigiyaka,"Adjective, な-adjective","bustling,busy"
,,にぎやか,,
391,日記,nikki,Noun,diary; journal
,,にっき,,
392,肉,niku,Noun,meat
,,にく,,
393,荷物,nimotsu,Noun,luggage; baggage
,,にもつ,,
394,西,nishi,Noun,west
,,にし,,
395,庭,niwa,Noun,garden
,,にわ,,
396,登る,noboru,"Verb, Godan verb, Intransitive verb",to climb
,,のぼる,,
397,飲み物,nomimono,Noun,drink; beverage
,,のみもの,,
398,飲む,nomu,"Verb, Godan verb, Transitive verb",to drink
,,のむ,,
399,ノート,nooto,"Noun, Katakana",notebook
400,乗る,noru,"Verb, Godan verb, Intransitive verb","to get on (train, plane, bus, ship, etc.)"
,,のる,,
401,脱ぐ,nugu,"Verb, Godan verb, Transitive verb",to take off clothes
,,ぬぐ,,
402,温い,nurui,"Adjective, い-adjective",luke warm
,,ぬるい,,
403,ニュース,nyuusu,"Noun, Katakana",news
404,おばあさん,obaasan,Noun,grandmother
405,伯母さん,obasan,Noun,aunt; old lady
,,おばさん,,
406,お弁当,obentou,Noun,lunch box; Japanese box lunch
,,おべんとう,,
407,覚える,oboeru,"Verb, Ichidan verb, Transitive verb",to remember
,,おぼえる,,
408,お茶,ocha,Noun,tea
,,おちゃ,,
409,お風呂,ofuro,Noun,bath
,,おふろ,,
410,美味しい,oishii,い-adjective,delicious
,,おいしい,,
411,伯父さん,ojisan,Noun,uncle; old man; mister
,,おじさん,,
412,お母さん,okaasan,Noun,mother; mom; mum; ma
,,おかあさん,,
413,お金,okane,Noun,money
,,おかね,,
414,お菓子,okashi,Noun,confections; sweets; candy
,,おかし,,
415,起きる,okiru,"Verb, Ichidan verb, Intransitive verb",to get up; to wake up
,,おきる,,
416,置く,oku,"Verb, Godan verb, Transitive verb",to put; to place​
,,おく,,
417,奥さん,okusan,Noun,wife; your wife; his wife
,,おくさん,,
418,お巡りさん,omawari san,Noun,police officer (friendly term for policeman)
,,おまわりさん,,
419,重い,omoi,い-adjective,heavy
,,おもい,,
420,面白い,omoshiroi,"Adjective, い-adjective",interesting
,,おもしろい,,
421,同じ,onaji,"Noun, Adverb",same
,,おなじ,,
422,お腹,onaka,Noun,stomach
,,おなか,,
423,お姉さん,oneesan,Noun,elder sister; young lady; miss; ma'am
,,おねえさん,,
424,音楽,ongaku,Noun,music
,,おんがく,,
425,お兄さん,oniisan,Noun,older brother; elder brother; young man; buddy
,,おにいさん,,
426,女,onna,"Noun, Prefix",woman; female sex
,,おんな,,
427,女の子,onnanoko,"Noun, Expression",girl; daughter; young women
,,おんなのこ,,
428,多い,ooi,"Adjective, い-adjective",many; numerous; a lot; large quantity; frequent
,,おおい,,
429,大きい,ookii,"Adjective, い-adjective",big; large; great; important
,,おおきい,,
430,大きな,ookina,Pre-noun adjectival,big; large; great​
,,おおきな,,
431,大勢,oozei,Noun,crowd of people; great number of people
,,おおぜい,,
432,降りる,oriru,"Verb, Ichidan verb, Intransitive verb",to get off
,,おりる,,
433,お酒,osake,Noun,alcohol
,,おさけ,,
434,お皿,osara,Noun,"plate, dish"
,,おさら,,
435,教える,oshieru,"Verb, Ichidan verb, Transitive verb",to teach
,,おしえる,,
436,遅い,osoi,"Adjective, い-adjective",slow; time-consuming; late
,,おそい,,
437,押す,osu,"Verb, Godan verb, Transitive verb",to push; to press​
,,おす,,
438,お手洗い,otearai,Noun,toilet; restroom; lavatory; bathroom
,,おてあらい,,
439,男,otoko,Noun,man; male
,,おとこ,,
440,男の子,otokonoko,"Noun, Expression",boy; male child; baby boy
,,おとこのこ,,
441,大人,otona,Noun,adult
,,おとな,,
442,一昨日,ototoi,Noun,day before yesterday
,,おととい,,
443,一昨年,ototoshi,Noun,year before last
,,おととし,,
444,お父さん,otousan,Noun,father; dad; papa; pa; pop; daddy
,,おとうさん,,
445,弟,otouto,Noun,younger brother
,,おとうと,,
446,終わる,owaru,"Verb, Godan verb, Intransitive verb",to finish; to end
,,おわる,,
447,泳ぐ,oyogu,"Verb, Godan verb, Intransitive verb",to swim
,,およぐ,,
448,パーティー,paatii,"Noun, Katakana",party
449,パン,pan,"Noun, Katakana",bread
450,ページ,peeji,"Noun, Katakana",page
451,ペン,pen,"Noun, Katakana",pen
452,ペット,petto,"Noun, Katakana",pet
453,ポケット,poketto,Noun,pocket
454,ポスト,posuto,"Noun, Katakana",post
455,プール,puuru,"Noun, Katakana",swimming pool
456,来月,raigetsu,Noun,next month
,,らいげつ,,
457,来年,rainen,Noun,next year
,,らいねん,,
458,来週,raishuu,Noun,next week
,,らいしゅう,,
459,ラジオ,rajiio,"Noun, Katakana",radio
460,零,rei,Noun,zero
,,れい,,
461,冷蔵庫,reizouko,Noun,refrigerator
,,れいぞうこ,,
462,レコード,rekoodo,"Noun, Katakana",record
463,練習,renshuu,"Noun, Verb, Suru verb",practice; practicing
,,れんしゅう,,
464,レストラン,resutoran,"Noun, Katakana",restaurant
465,立派,rippa,"Adjective, な-adjective",splendid
,,りっぱ,,
466,六,roku,"Noun, Numeric",six; 6
,,ろく,,
467,廊下,rouka,Noun,corridor; hallway; passageway
,,ろうか,,
468,旅行,ryokou,"Noun, Verb, Suru verb",travel; trip; journey; excursion; tour
,,りょこう,,
469,料理,ryouri,"Noun, Suru verb",cuisine
,,りょうり,,
470,両親,ryoushin,Noun,parents; both parents
,,りょうしん,,
471,留学生,ryuugakusei,Noun,overseas student; exchange student
,,りゅうがくせい,,
472,さあ,saa,Conjunction,well…
473,財布,saifu,Noun,purse; wallet
,,さいふ,,
474,魚,sakana,Noun,fish
,,さかな,,
475,先,saki,"Noun, Prefix, Suffix",previous; prior; first; earlier
,,さき,,
476,咲く,saku,"Verb, Godan verb, Intransitive verb",to bloom
,,さく,,
477,作文,sakubun,Noun,writing; composition
,,さくぶん,,
478,寒い,samui,"Adjective, い-adjective",cold
,,さむい,,
479,三,san,"Noun, Numeric",three; 3
,,さん,,
480,散歩,sanpo,"Noun, Verb, Suru verb",walk; stroll
,,さんぽ,,
481,再来年,sarainen,Noun,year after next
,,さらいねん,,
482,差す,sasu,"Verb, Godan verb, Transitive verb","to stretch out hands, to raise an umbrella"
,,さす,,
483,砂糖,satou,Noun,sugar
,,さとう,,
484,背,se,Noun,height; stature; back; spine
,,せ,,
485,背広,sebiro,Noun,business suit
,,せびろ,,
486,セーター,seetaa,"Noun, Katakana",sweater; jumper
487,生徒,seito,Noun,pupil; student
,,せいと,,
488,石鹼,sekken,Noun,soap
,,せっけん,,
489,狭い,semai,い-adjective,narrow
,,せまい,,
490,千,sen,"Noun, Numeric","1,000; thousand"
,,せん,,
491,先月,sengetsu,Noun,last month
,,せんげつ,,
492,先生,sensei,"Noun, Suffix",teacher; instructor; master
,,せんせい,,
493,先週,senshuu,Noun,last week
,,せんしゅう,,
494,洗濯,sentaku,"Noun, Suru verb",washing; laundry
,,せんたく,,
495,写真,shashin,Noun,photograph; photo
,,しゃしん,,
496,シャツ,shatsu,"Noun, Katakana",shirt
497,シャワー,shawaa,"Noun, Katakana",shower
498,四,shi,"Noun, Numeric",four; 4
,,し,,
499,七,shichi,"Noun, Numeric",seven; 7
,,しち,,
500,仕事,shigoto,"Noun, Verb, Suru verb",work; job; business
,,しごと,,
501,閉まる,shimaru,"Verb, Godan verb, Intransitive verb","to close, to be closed"
,,しまる,,
502,閉める,shimeru,"Verb, Ichidan verb, Transitive verb",to close; to shut
,,しめる,,
503,締める,shimeru,"Verb, Ichidan verb, Transitive verb",to tie; to fasten; to tighten​
,,しめる,,
504,新聞,shinbun,Noun,newspaper
,,しんぶん,,
505,死ぬ,shinu,"Verb, Godan verb, Intransitive verb",to die
,,しぬ,,
506,塩,shio,Noun,salt
,,しお,,
507,白,shiro,Noun,white; innocence; innocent person
,,しろ,,
508,白い,shiroi,"Adjective, い-adjective",white
,,しろい,,
509,知る,shiru,"Verb, Godan verb, Transitive verb",to know
,,しる,,
510,下,shita,Noun,below; down; under; bottom
,,した,,
511,質問,shitsumon,"Noun, Verb, Suru verb",question; inquiry
,,しつもん,,
512,静か,shizuka,"Adjective, な-adjective",quiet
,,しずか,,
513,食堂,shokudou,Noun,cafeteria; dining room
,,しょくどう,,
514,醬油,shouyu,Noun,soy sauce
,,しょうゆ,,
515,宿題,shukudai,Noun,homework; assignment; pending issue
,,しゅくだい,,
516,そば,soba,Noun,near; beside
517,そっち,socchi,Pronoun,that way; ​over there
518,そちら,sochira,Pronoun,"that way (distant from speaker, close to listener); you; your family"
519,そこ,soko,Pronoun,that place​; there
520,その,sono,Pre-noun adjectival,that
521,空,sora,Noun,sky; the air
,,そら,,
522,それ,sore,Pronoun,that
523,それでは,sore dewa,Expression,in that situation
524,外,soto,Noun,outside; exterior;
,,そと,,
525,掃除,souji,"Noun, Suru verb","to clean, to sweep"
,,そうじ,,
526,直ぐに,sugu ni,Adverb,immediately; right away; instantly​
,,すぐに,,
527,水曜日,suiyoubi,Noun,Wednesday
,,すいようび,,
528,スカート,sukaato,"Noun, Katakana",skirt
529,好き,suki,"Noun, Adjective, な-adjective",like
,,すき,,
530,少し,sukoshi,"Noun, Adverb",a little (bit); small quantity; few; short distance
,,すこし,,
531,少ない,sukunai,い-adjective,few; a little; scarce; insufficient; seldom
,,すくない,,
532,住む,sumu,"Verb, Godan verb, Intransitive verb",to live in; to reside; to inhabit; to dwell; to abide
,,すむ,,
533,スポーツ,supootsu,"Noun, Katakana",sport; sports
534,スプーン,supuun,"Noun, Katakana",spoon
535,スリッパ,surippa,"Noun, Katakana",slipper; slippers
536,ストーブ,sutoobu,"Noun, Katakana",heater; stove
537,吸う,suu,"Verb, Godan verb, Transitive verb","to smoke, to suck"
,,すう,,
538,座る,suwaru,"Verb, Godan verb, Intransitive verb",to sit
,,すわる,,
539,涼しい,suzushii,"Adjective, い-adjective","refreshing, cool"
,,すずしい,,
540,たばこ,tabako,Noun,tobacco; cigarette
541,食べ物,tabemono,Noun,food
,,たべもの,,
542,食べる,taberu,"Verb, Ichidan verb, Intransitive verb",to eat
,,たべる,,
543,多分,tabun,"Adjective, な-adjective, Adverb",perhaps; probably
,,たぶん,,
544,大変,taihen,"Noun, Adjective, な-adjective, Adverb",very; greatly; terribly; serious; difficult
,,たいへん,,
545,大切,taisetsu,"Noun, Adjective, な-adjective",important; necessary; indispensable; beloved
,,たいせつ,,
546,大使館,taishikan,Noun,embassy
,,たいしかん,,
547,高い,takai,"Adjective, い-adjective",high; tall; expensive; above average
,,たかい,,
548,沢山,takusan,"Noun, Adverbial Noun, Adjective, な-adjective",many
,,たくさん,,
549,タクシー,takushii,"Noun, Katakana",taxi
550,卵,tamago,Noun,eggs; egg
,,たまご,,
551,誕生日,tanjoubi,Noun,birthday
,,たんじょうび,,
552,頼む,tanomu,"Verb, Godan verb, Transitive verb",to ask
,,たのむ,,
553,楽しい,tanoshii,"Adjective, い-adjective",enjoyable; fun
,,たのしい,,
554,縦,tate,Noun,"length,height"
,,たて,,
555,建物,tatemono,Noun,building
,,たてもの,,
556,立つ,tatsu,"Verb, Godan verb, Intransitive verb",to stand; to stand up​
,,たつ,,
557,手,te,Noun,hand; arm
,,て,,
558,テーブル,teeburu,"Noun, Katakana",table
559,テープ,teepu,"Noun, Katakana",tape
560,テープレコーダー,teepu rekoodaa,"Noun, Katakana",tape recorder
,,,,
561,手紙,tegami,Noun,Letter (message)​
,,てがみ,,
562,天気,tenki,Noun,weather; the elements
,,てんき,,
563,テレビ,terebi,"Noun, Katakana",television; TV​
564,テスト,tesuto,"Noun, Suru verb, Katakana",examination; quiz; test
565,戸,to,Noun,Japanese style door
,,と,,
566,飛ぶ,tobu,"Verb, Godan verb, Intransitive verb",to fly; to hop
,,とぶ,,
567,トイレ,toire,"Noun, Katakana",toilet
568,時計,tokei,Noun,watch; clock; timepiece
,,とけい,,
569,時,toki,Noun,time; moment; occasion; chance
,,とき,,
,,,,
570,時々,tokidoki,"Noun, Adverb",sometimes; at times
,,ときどき,,
571,所,tokoro,"Noun, Suffix",place
,,ところ,,
572,止まる,tomaru,"Verb, Godan verb, Intransitive verb",to stop; to come to a halt
,,とまる,,
573,友達,tomodachi,Noun,friend; companion
,,ともだち,,
574,隣,tonari,Noun,next door to
,,となり,,
575,遠い,tooi,"Adjective, い-adjective",far
,,とおい,,
576,十日,tooka,Noun,tenth day of the month / 10 days
,,とおか,,
577,鳥,tori,Noun,bird
,,とり,,
578,鶏肉,toriniku,Noun,chicken meat
,,とりにく,,
579,取る,toru,"Verb, Godan verb, Transitive verb",to take; to pick up; to harvest; to earn; to win; to choose
,,とる,,
580,撮る,toru,"Verb, Godan verb, Transitive verb",to take a photo or record a film
,,とる,,
581,年,toshi,Noun,year; age
,,とし,,
582,図書館,toshokan,Noun,library
,,としょかん,,
583,次,tsugi,Noun,next
,,つぎ,,
584,一日,tsuitachi,Noun,first day of the month
,,ついたち,,
585,疲れる,tsukareru,"Verb, Ichidan verb, Intransitive verb",to get tired
,,つかれる,,
586,使う,tsukau,"Verb, Godan verb, Transitive verb",to use
,,つかう,,
587,つける,tsukeru,"Verb, Ichidan verb, Transitive verb",to turn on
588,付ける,tsukeru,"Verb, Ichidan verb, Transitive verb",to attach; affix; add; apply
,,つける,,
589,着く,tsuku,"Verb, Godan verb, Intransitive verb",to arrive at
,,つく,,
590,机,tsukue,Noun,desk
,,つくえ,,
591,作る,tsukuru,"Verb, Godan verb, Transitive verb",to make
,,つくる,,
592,詰まらない,tsumaranai,"Adjective, い-adjective",boring
,,つまらない,,
593,冷たい,tsumetai,い-adjective,cold to the touch
,,つめたい,,
594,勤める,tsutomeru,"Verb, Ichidan verb, Transitive verb",to work for someone
,,つとめる,,
595,強い,tsuyoi,"Adjective, い-adjective",powerful
,,つよい,,
596,上,ue,"Noun, Suffix",above; up; over; top; surface
,,うえ,,
597,生まれる,umareru,"Verb, Ichidan verb, Intransitive verb",to be born
,,うまれる,,
598,海,umi,Noun,sea
,,うみ,,
599,売る,uru,"Verb, Godan verb, Transitive verb",to sell
,,うる,,
600,煩い,urusai,い-adjective,"noisy, annoying"
,,うるさい,,
601,後ろ,ushiro,Noun,back; behind; rear
,,うしろ,,
602,薄い,usui,"Adjective, い-adjective",thin; weak
,,うすい,,
603,歌,uta,Noun,song
,,うた,,
604,歌う,utau,"Verb, Godan verb, Intransitive verb, Transitive verb",to sing
,,うたう,,
605,上着,uwagi,Noun,coat; tunic; jacket; outer garment
,,うわぎ,,
606,ワイシャツ,wai shatsu,"Noun, Katakana, Wasei",shirt
607,若い,wakai,"Adjective, い-adjective",young
,,わかい,,
608,分かる,wakaru,"Verb, Godan verb, Intransitive verb",to understand; to comprehend; to grasp; to see; to get; to follow
,,わかる,,
609,悪い,warui,"Adjective, い-adjective",bad; poor; undesirable
,,わるい,,
610,忘れる,wasureru,"Verb, Ichidan verb, Transitive verb",to forget
,,わすれる,,
611,渡る,wataru,"Verb, Godan verb, Intransitive verb",to go across
,,わたる,,
612,私,watashi,Pronoun,I; myself
,,わたし,,
613,渡す,watasu,"Verb, Godan verb, Transitive verb",to hand over
,,わたす,,
614,山,yama,Noun,mountain; hill
,,やま,,
615,八百屋,yaoya,Noun,greengrocer; fruit and vegetable shop; versatile
,,やおや,,
616,やる,yaru,"Verb, Godan verb, Transitive verb",to do
617,野菜,yasai,Noun,vegetable
,,やさい,,
618,易しい,yasashii,"Adjective, い-adjective","easy, simple"
,,やさしい,,
619,安い,yasui,"Adjective, い-adjective",cheap; inexpensive
,,やすい,,
620,休み,yasumi,Noun,rest; vacation; holiday
,,やすみ,,
621,休む,yasumu,"Verb, Godan verb, Intransitive verb",to be absent; to take a day off; to rest
,,やすむ,,
622,八つ,yattsu,"Noun, Numeric",eight: 8
,,やっつ,,
623,呼ぶ,yobu,"Verb, Godan verb, Transitive verb","to call out, to invite"
,,よぶ,,
624,良い,yoi/ii,"Adjective, い-adjective",good
,,よい/いい,,
625,四日,yokka,Noun,fourth day of the month / 4 days
,,よっか,,
626,横,yoko,Noun,"beside,side,width"
,,よこ,,
627,よく,yoku,Adverb,"often, well"
628,読む,yomu,"Verb, Godan verb, Transitive verb",to read; to guess; to predict; to read (someone's thoughts)
,,よむ,,
629,夜,yoru,Noun,evening; night
,,よる,,
630,四つ,yotsu,"Noun, Numeric",four; 4
,,よつ,,
631,洋服,youfuku,Noun,western clothes
,,ようふく,,
632,八日,youka,Noun,eighth day of the month / 8 days
,,ようか,,
633,弱い,yowai,"Adjective, い-adjective",weak
,,よわい,,
634,雪,yuki,Noun,snow
,,ゆき,,
635,ゆっくり,yukkuri,Adverb,slowly
636,昨夜,yuube,Noun,last night
,,ゆうべ,,
637,郵便局,yuubinkyoku,Noun,post office
,,ゆうびんきょく,,
638,夕方,yuugata,Noun,evening; dusk
,,ゆうがた,,
639,夕飯,yuuhan,Noun,evening meal
,,ゆうはん,,
640,有名,yuumei,"Noun, Adjective, な-adjective",famous
,,ゆうめい,,
641,雑誌,zasshi,Noun,magazine
,,ざっし,,
642,全部,zenbu,"Noun, Adverbial Noun",all
,,ぜんぶ,,
643,ゼロ,zero,Noun,zero
644,ズボン,zubon,"Noun, Katakana",trousers; pants
